xc,yc,zc,dip,dipdir,size,set
-0.9306,-2.5004,3.3566,73.74,111.09,1.5323,1
0.0633,-2.8699,2.6505,71.11,124.61,2.9434,1
-0.5839,-4.8447,-1.1547,75.59,119.27,0.6096,1
-0.6411,-2.8237,3.3259,67.97,115.75,0.6172,1
-0.2258,-3.2241,1.7400,69.37,126.67,0.5395,1
0.3145,1.1528,0.8382,69.53,147.55,0.7171,1
-0.6433,4.8455,1.5739,70.27,114.93,1.7200,1
0.0924,2.2283,-3.8439,74.79,104.83,0.7097,1
0.7498,3.2880,0.8275,71.39,99.43,0.5170,1
-0.1888,-3.7180,-2.6060,68.67,118.27,0.9490,1
0.9187,-0.4563,3.1521,67.16,122.11,1.0070,1
0.4892,3.9919,-3.4561,68.69,126.22,1.1015,1
-0.3168,-3.3649,-2.5992,70.12,112.98,1.0785,1
0.4440,-3.1123,0.8560,75.25,132.95,1.8301,1
-0.3887,-2.7454,3.4795,72.21,106.75,2.4068,1
0.1220,3.4996,2.0372,72.18,130.08,0.9903,1
0.9812,1.0087,-1.6699,73.14,119.18,0.5175,1
0.3352,3.2867,-2.1851,72.28,126.37,0.6621,1
0.1129,0.7255,3.3874,66.80,124.01,1.0411,1
0.5683,4.7838,2.4378,70.07,137.95,0.5039,1
0.9971,-0.4428,-3.1834,66.88,136.81,1.5089,1
0.9617,0.0071,-2.8121,71.35,133.84,1.2084,1
0.3877,-2.0940,-0.0011,67.92,121.53,2.3445,1
-0.9950,0.4139,1.1187,67.02,130.24,0.7268,1
-0.8532,-3.8421,-1.5978,69.98,115.87,1.3034,1
0.2414,-0.7552,3.6309,68.72,112.85,2.9079,1
0.7576,0.4887,1.7709,68.41,138.96,1.5227,1
0.1792,3.6172,1.6710,71.88,131.82,1.5042,1
-0.6058,3.3441,-3.5136,68.62,123.66,0.8219,1
0.1933,-3.2758,0.8862,69.19,138.29,1.9820,1
0.6263,0.1032,-1.3469,66.11,133.42,1.5954,1
0.5450,-3.1536,2.8151,74.28,124.86,0.7428,1
0.9276,-4.1734,-1.6042,69.07,121.14,1.1345,1
0.6451,-1.0796,-2.3094,71.39,116.54,2.1659,1
0.7659,-1.2691,-2.9690,71.43,132.96,1.1794,1
-0.0731,-3.7461,2.3274,71.15,143.01,1.2219,1
0.1668,-2.0936,-2.1289,68.91,133.38,2.7576,1
-0.6836,0.9771,-2.1037,70.66,115.00,0.6043,1
-0.0510,-2.1820,-3.6934,64.42,121.15,0.5088,1
0.7692,-1.0871,1.0010,66.65,128.15,1.2500,1
0.2183,-2.6882,-1.9535,71.91,132.19,0.8494,1
-0.2027,-3.0130,-2.4145,68.54,128.45,0.7551,1
0.6124,-0.4779,3.4289,67.38,128.81,2.0914,1
-0.8600,-2.3929,-1.2122,65.45,136.88,0.6282,1
0.2065,-1.3645,-2.3895,69.81,127.73,2.4870,1
0.9540,0.6504,-1.3427,71.73,111.00,0.6339,1
0.9761,3.6131,-2.6552,72.21,121.52,1.0270,1
0.7395,-2.9711,-0.1314,67.23,122.42,0.7095,1
-0.2793,-4.3991,1.4995,72.52,121.62,0.6631,1
0.4460,-4.6923,1.7290,72.22,111.72,0.6906,1
0.8229,-4.1544,2.1311,72.84,137.41,0.7811,1
-0.9164,1.6369,-1.2015,67.26,128.02,0.8206,1
0.3850,-1.0949,1.9814,66.48,127.15,0.5244,1
-0.5650,3.2347,-3.6876,66.33,120.73,1.3029,1
-0.1023,-0.5158,-0.6391,66.11,134.74,0.6918,1
-0.5784,-1.6198,2.0503,69.85,116.39,2.5328,1
-0.0480,2.0141,-1.8839,70.98,111.54,0.6185,1
0.9421,-3.6747,-3.6731,71.18,104.46,1.5270,1
-0.2684,2.9499,2.3253,69.19,115.43,1.0622,1
-0.4366,-3.2743,-1.2071,71.07,105.59,0.9425,1
0.6192,-4.7787,-1.1289,70.53,99.70,0.8473,1
-0.7033,2.3866,-1.4117,73.19,136.95,0.5236,1
-0.1927,2.5989,2.2183,69.69,100.02,1.0975,1
0.9260,1.1895,-0.0635,72.10,100.70,2.7208,1
0.3342,1.4343,3.1445,73.41,126.71,0.5456,1
0.0487,-4.4427,0.8767,68.21,140.13,1.0598,1
-0.9023,0.1019,-0.2493,71.05,123.54,1.1849,1
0.6903,3.5199,1.2791,69.80,131.88,1.3022,1
-0.2478,-1.0466,-1.2936,70.54,130.63,0.8995,1
-0.8901,3.8501,-0.4775,69.30,147.49,0.5563,1
0.1591,-0.5308,0.3591,71.73,102.76,1.0660,1
0.7080,1.3971,0.1289,68.28,126.47,2.5431,1
0.2992,-1.7504,1.6808,71.51,108.59,0.8798,1
0.6880,-3.4717,0.0087,72.13,139.18,1.0636,1
0.6449,-1.1236,-3.9397,73.59,127.18,2.8654,1
-0.6764,1.6094,-0.6620,74.66,131.36,1.3913,1
0.2726,1.9223,-1.1261,71.59,122.75,1.1100,1
0.9415,4.6612,-1.6136,68.18,116.16,0.9459,1
-0.0124,-2.1023,-3.5331,70.81,117.92,0.8427,1
0.8461,0.2226,-0.2901,69.33,101.52,1.0712,1
0.1930,0.9616,3.3195,68.63,105.23,0.8764,1
0.6959,3.4991,-2.5520,69.14,106.15,1.0660,1
-0.4946,2.2712,0.1870,70.56,107.62,0.9591,1
0.2623,-1.4864,-3.4575,72.09,135.32,0.5474,1
-0.4877,0.7945,3.6117,67.08,117.63,2.1404,1
-0.1539,-1.7240,-2.1657,69.54,102.11,2.4287,1
0.0126,0.8814,3.4878,70.49,125.48,0.5683,1
0.5600,2.4380,-1.6203,68.47,96.80,0.7031,1
0.3175,3.2455,0.8728,69.63,116.09,2.1165,1
0.6262,2.3530,3.5994,69.80,143.11,0.6875,1
-0.8068,3.1250,3.8307,24.79,293.37,0.9186,2
-0.9991,2.8404,0.0742,24.74,329.72,0.6015,2
-0.0851,-2.7061,0.1919,20.23,285.14,1.0346,2
-0.4473,-0.6982,-2.9253,13.46,289.92,1.3715,2
0.1122,-1.3630,-1.5954,22.69,286.95,0.7017,2
0.5697,-3.1725,0.6834,14.83,292.00,1.3453,2
-0.1438,1.5095,-1.7618,21.59,299.40,0.9710,2
0.5394,-0.6471,-3.6474,18.91,291.75,3.1391,2
-0.7302,-2.2970,-0.4357,24.07,286.48,0.9131,2
-0.5275,2.9530,3.9975,27.18,311.78,0.9499,2
-0.0673,0.8537,-3.7052,16.63,283.79,2.2090,2
-0.5824,-1.8105,2.2586,19.43,289.64,1.5809,2
0.4689,-1.5346,-2.5050,21.87,284.82,2.8482,2
-0.8051,4.2852,2.3691,23.55,282.97,2.3616,2
-0.9243,-1.2029,-2.7981,20.34,283.70,0.6918,2
-0.2900,-3.1869,1.6689,24.97,300.10,3.2655,2
0.2041,-1.2607,-2.0424,18.19,301.79,2.2041,2
-0.3483,-0.5626,-0.7173,23.05,284.43,2.8906,2
-0.6332,3.6239,-3.1616,21.28,313.86,1.0452,2
-0.2930,2.2312,-0.1059,22.39,270.37,0.8423,2
0.9637,-2.1917,0.5275,18.32,302.86,2.9778,2
-0.1924,2.8786,2.3450,20.29,306.53,3.8624,2
-0.3022,2.0594,3.3911,17.25,290.54,0.8900,2
0.6203,2.8087,2.6467,17.39,288.76,3.3689,2
-0.3170,-0.9419,-3.0182,19.80,272.77,1.7101,2
-0.2975,-3.5250,0.4301,20.29,287.56,1.1945,2
0.3789,4.0440,-3.5421,19.49,293.04,1.7367,2
-0.8863,1.5839,2.5763,19.85,303.29,0.6851,2
0.0863,3.2042,-3.2094,21.02,312.68,1.4641,2
-0.0305,-4.8786,-2.3170,25.05,293.13,1.3509,2
0.0852,-4.0867,-2.7876,13.97,314.12,0.9265,2
0.5468,-3.9620,1.6369,20.13,310.39,2.7558,2
-0.3552,3.0907,-2.0568,21.97,303.01,1.0337,2
-0.4832,-2.2279,1.3484,18.54,305.20,0.6798,2
0.5406,-4.0211,-2.5262,14.24,305.87,0.7117,2
-0.4369,0.8369,-0.1496,20.40,303.95,0.6108,2
0.7676,0.6663,-2.3017,13.78,303.65,1.1076,2
-0.3223,2.5420,-2.2437,18.84,282.16,0.9172,2
0.6978,-4.7423,-1.0745,23.31,309.37,1.4281,2
-0.9574,1.5115,3.2078,25.54,301.53,0.6669,2
-0.9930,-3.8447,3.2260,22.24,301.66,1.8670,2
0.7110,2.6820,2.5323,23.27,292.38,3.5074,2
0.9949,-2.9630,-2.5210,26.31,306.41,0.9580,2
0.2264,-1.1649,3.3837,19.78,297.17,2.6994,2
0.5797,-2.5441,-0.9939,18.28,303.57,0.7499,2
-0.5345,3.3469,-1.1351,17.23,304.92,2.2950,2
-0.9994,1.5589,-2.3716,20.41,299.63,3.2659,2
0.8947,1.7880,-0.5796,24.65,293.88,1.2413,2
-0.1243,1.1722,1.1356,17.97,307.90,1.8037,2
-0.8352,4.3420,-0.5169,17.05,304.82,0.6393,2
-0.1341,-2.2381,2.6975,24.93,294.96,1.8764,2
-0.0696,-3.4664,-1.1951,14.63,291.11,1.1872,2
-0.5393,-0.6872,1.4099,21.64,298.27,2.8226,2
-0.0790,-1.0575,2.1583,17.47,290.87,1.6693,2
0.2632,-4.9200,-1.9214,24.58,296.87,2.6897,2
0.7831,-0.7536,-3.1667,20.13,300.27,3.5435,2
-0.6817,-2.0973,1.7837,16.57,288.71,1.2788,2
-0.6737,2.3126,-2.2784,18.67,310.06,2.0867,2
-0.9355,4.3562,2.5858,21.03,305.04,0.9964,2
-0.5263,-0.9672,0.0412,16.44,314.13,3.1709,2
-0.5192,1.1971,3.4747,21.62,312.20,2.2409,2
-0.9054,-0.6339,-2.6536,20.91,311.80,2.5067,2
-0.1292,4.7181,2.5559,21.02,290.67,1.1303,2
-0.0863,4.4957,1.5435,22.07,292.19,2.0699,2
-0.7049,3.2447,-3.8880,22.95,302.88,1.0331,2
-0.9438,1.9530,-0.4705,16.97,280.01,2.0765,2
-0.5227,0.8074,-2.6378,22.51,290.32,3.4196,2
-0.2612,-3.3041,3.5545,14.49,285.62,2.4057,2
-0.1677,-2.8326,0.5397,19.60,316.08,1.8938,2
-0.4119,4.7632,1.4761,23.76,306.10,2.2652,2
